{
    "model_name": "LeNet-custom-strategy-FedAvg-2025-04-28_17-03-02",

    "0": {
        "loss": 2.3049457895870025,
        "cen_accuracy": 0.0971
    },
    "1": {
        "loss": 2.2383333075160796,
        "cen_accuracy": 0.1683
    },

    "total_train_time" : "2小时15分钟"
    
}